pest_file,model_file
npfklayer1pp_inst0pp.dat.tpl,npfklayer1pp_inst0pp.dat
npfklayer1cn_inst0_constant.csv.tpl,mult\npfklayer1cn_inst0_constant.csv
npfklayer2pp_inst0pp.dat.tpl,npfklayer2pp_inst0pp.dat
npfklayer2cn_inst0_constant.csv.tpl,mult\npfklayer2cn_inst0_constant.csv
npfklayer3pp_inst0pp.dat.tpl,npfklayer3pp_inst0pp.dat
npfklayer3cn_inst0_constant.csv.tpl,mult\npfklayer3cn_inst0_constant.csv
npfklayer4pp_inst0pp.dat.tpl,npfklayer4pp_inst0pp.dat
npfklayer4cn_inst0_constant.csv.tpl,mult\npfklayer4cn_inst0_constant.csv
npfklayer5pp_inst0pp.dat.tpl,npfklayer5pp_inst0pp.dat
npfklayer5cn_inst0_constant.csv.tpl,mult\npfklayer5cn_inst0_constant.csv
npfklayer6pp_inst0pp.dat.tpl,npfklayer6pp_inst0pp.dat
npfklayer6cn_inst0_constant.csv.tpl,mult\npfklayer6cn_inst0_constant.csv
npfklayer7pp_inst0pp.dat.tpl,npfklayer7pp_inst0pp.dat
npfklayer7cn_inst0_constant.csv.tpl,mult\npfklayer7cn_inst0_constant.csv
npfklayer8pp_inst0pp.dat.tpl,npfklayer8pp_inst0pp.dat
npfklayer8cn_inst0_constant.csv.tpl,mult\npfklayer8cn_inst0_constant.csv
rcharechargepp_inst0pp.dat.tpl,rcharechargepp_inst0pp.dat
rcharechargecn_inst0_constant.csv.tpl,mult\rcharechargecn_inst0_constant.csv
mbr_cond_condgr_inst0_grid.csv.tpl,mult\mbr_cond_condgr_inst0_grid.csv
mbr_cond_condcn_inst0_constant.csv.tpl,mult\mbr_cond_condcn_inst0_constant.csv
influx_cond_condgr_inst0_grid.csv.tpl,mult\influx_cond_condgr_inst0_grid.csv
influx_cond_condcn_inst0_constant.csv.tpl,mult\influx_cond_condcn_inst0_constant.csv
outflux_cond_condgr_inst0_grid.csv.tpl,mult\outflux_cond_condgr_inst0_grid.csv
outflux_cond_condcn_inst0_constant.csv.tpl,mult\outflux_cond_condcn_inst0_constant.csv
drn_riv_condgr_inst0_grid.csv.tpl,mult\drn_riv_condgr_inst0_grid.csv
drn_riv_condcn_inst0_constant.csv.tpl,mult\drn_riv_condcn_inst0_constant.csv
drn_riv_cond_headgr_inst0_grid.csv.tpl,mult\drn_riv_cond_headgr_inst0_grid.csv
drn_riv_cond_headcn_inst0_constant.csv.tpl,mult\drn_riv_cond_headcn_inst0_constant.csv
chd_pw_headgr_inst0_grid.csv.tpl,mult\chd_pw_headgr_inst0_grid.csv
chd_pw_headcn_inst0_constant.csv.tpl,mult\chd_pw_headcn_inst0_constant.csv
chd_conf_headgr_inst0_grid.csv.tpl,mult\chd_conf_headgr_inst0_grid.csv
chd_conf_headcn_inst0_constant.csv.tpl,mult\chd_conf_headcn_inst0_constant.csv
